{
  "timestamp": "20260208_024823",
  "hidden_dims": [
    1024,
    512
  ],
  "dropout": 0.2,
  "learning_rate": 0.001,
  "batch_size": 128,
  "metrics": {
    "best_val_auprc": 0.49021964724770056,
    "test_precision": 0.36051026067665004,
    "test_recall": 0.6360078277886497,
    "test_f1": 0.4601769911504425,
    "test_auprc": 0.43899860957316894,
    "test_mcc": 0.32538284526017164
  }
}